main_mode,user
pt,0.07115467203031302
ride,0.213768422141053
car,0.49898396490379887
bike,0.159641024221889
walk,0.2741758378287667
